RegionType,RegionName,State,CBSA Title,SizeRankCity,SizeRankMetro,PctPriceCut,DaysOnMarket,BuyerSellerIndex,BuyerSellerIndexMetro
Zip,79109,TX,"Amarillo, TX",2734,181,27.18120805,69,7.272727273,9.102209945
Zip,79106,TX,"Amarillo, TX",5504,181,26.84563758,73.5,8.181818182,9.102209945
Zip,79107,TX,"Amarillo, TX",6284,181,15.09433962,107,5.454545455,9.102209945
Zip,79118,TX,"Amarillo, TX",7246,181,17.44680851,77,4.545454545,9.102209945
Zip,79015,TX,"Amarillo, TX",7582,181,20,72,2.727272727,9.102209945
Zip,79119,TX,"Amarillo, TX",8141,181,22.45614035,74,6.363636364,9.102209945
Zip,79110,TX,"Amarillo, TX",8430,181,16.66666667,63,1.818181818,9.102209945
Zip,79108,TX,"Amarillo, TX",9878,181,14.58333333,95,3.636363636,9.102209945
Zip,79124,TX,"Amarillo, TX",10214,181,21.67832168,99,9.090909091,9.102209945
Zip,79102,TX,"Amarillo, TX",10254,181,12.5,58,0.909090909,9.102209945
Zip,79121,TX,"Amarillo, TX",10827,181,24.65753425,81.5,10,9.102209945
Zip,78660,TX,"Austin-Round Rock, TX",1361,35,24.89270386,50,4.736842105,5.814917127
Zip,78613,TX,"Austin-Round Rock, TX",1483,35,24.94929006,52,6.140350877,5.814917127
Zip,78704,TX,"Austin-Round Rock, TX",1623,35,20.25974026,66,5.614035088,5.814917127
Zip,78666,TX,"Austin-Round Rock, TX",1681,35,19.94609164,61,4.035087719,5.814917127
Zip,78745,TX,"Austin-Round Rock, TX",1709,35,24.02826855,47,3.333333333,5.814917127
Zip,78641,TX,"Austin-Round Rock, TX",2021,35,24.73262032,60,7.543859649,5.814917127
Zip,78758,TX,"Austin-Round Rock, TX",2323,35,20,43,0.701754386,5.814917127
Zip,78741,TX,"Austin-Round Rock, TX",2384,35,13.38582677,47,0.526315789,5.814917127
Zip,78664,TX,"Austin-Round Rock, TX",2470,35,22.61484099,46,1.578947368,5.814917127
Zip,78753,TX,"Austin-Round Rock, TX",2486,35,15.2173913,45,0.350877193,5.814917127
Zip,78759,TX,"Austin-Round Rock, TX",2513,35,29.57746479,51,7.368421053,5.814917127
Zip,78748,TX,"Austin-Round Rock, TX",2620,35,21.33757962,50,1.929824561,5.814917127
Zip,78640,TX,"Austin-Round Rock, TX",2847,35,25.59366755,54,7.01754386,5.814917127
Zip,78681,TX,"Austin-Round Rock, TX",2909,35,24.59546926,51,4.912280702,5.814917127
Zip,78665,TX,"Austin-Round Rock, TX",3164,35,27.42718447,56,8.596491228,5.814917127
Zip,78744,TX,"Austin-Round Rock, TX",3894,35,25,45,3.50877193,5.814917127
Zip,78749,TX,"Austin-Round Rock, TX",4351,35,25.95419847,43,3.859649123,5.814917127
Zip,78610,TX,"Austin-Round Rock, TX",4689,35,23.0529595,62,6.666666667,5.814917127
Zip,78729,TX,"Austin-Round Rock, TX",4741,35,15.44715447,42,0.175438596,5.814917127
Zip,78723,TX,"Austin-Round Rock, TX",4885,35,26.84210526,48,5.964912281,5.814917127
Zip,78727,TX,"Austin-Round Rock, TX",4966,35,24.54545455,44,3.157894737,5.814917127
Zip,78717,TX,"Austin-Round Rock, TX",5046,35,18.71345029,48,1.052631579,5.814917127
Zip,78628,TX,"Austin-Round Rock, TX",5086,35,23.97260274,69.5,8.771929825,5.814917127
Zip,78731,TX,"Austin-Round Rock, TX",5189,35,25,55,7.192982456,5.814917127
Zip,78633,TX,"Austin-Round Rock, TX",5520,35,23.57954545,66,7.719298246,5.814917127
Zip,78728,TX,"Austin-Round Rock, TX",5783,35,22.85714286,42.5,1.228070175,5.814917127
Zip,78703,TX,"Austin-Round Rock, TX",5890,35,27.27272727,70.5,9.824561404,5.814917127
Zip,78626,TX,"Austin-Round Rock, TX",5934,35,23.45679012,54.5,4.561403509,5.814917127
Zip,78602,TX,"Austin-Round Rock, TX",6017,35,23.88888889,67.5,8.245614035,5.814917127
Zip,78634,TX,"Austin-Round Rock, TX",6028,35,32.94117647,54,8.421052632,5.814917127
Zip,78750,TX,"Austin-Round Rock, TX",6048,35,28.68852459,54,7.894736842,5.814917127
Zip,78746,TX,"Austin-Round Rock, TX",6051,35,18.44660194,73,6.49122807,5.814917127
Zip,78757,TX,"Austin-Round Rock, TX",6344,35,21.68674699,51,2.98245614,5.814917127
Zip,78702,TX,"Austin-Round Rock, TX",6352,35,21.91011236,55,3.684210526,5.814917127
Zip,78734,TX,"Austin-Round Rock, TX",6827,35,24.5398773,80.5,9.473684211,5.814917127
Zip,78738,TX,"Austin-Round Rock, TX",6937,35,23.68421053,75,9.298245614,5.814917127
Zip,78735,TX,"Austin-Round Rock, TX",7412,35,12.39669421,63,2.280701754,5.814917127
Zip,78751,TX,"Austin-Round Rock, TX",7426,35,18.60465116,55.5,2.807017544,5.814917127
Zip,78754,TX,"Austin-Round Rock, TX",7596,35,22.95081967,48,2.456140351,5.814917127
Zip,78621,TX,"Austin-Round Rock, TX",7631,35,17.46031746,56,2.105263158,5.814917127
Zip,78653,TX,"Austin-Round Rock, TX",7890,35,16.74208145,57,2.631578947,5.814917127
Zip,78620,TX,"Austin-Round Rock, TX",8355,35,20.46511628,64,5.263157895,5.814917127
Zip,76574,TX,"Austin-Round Rock, TX",8386,35,29.16666667,56,8.947368421,5.814917127
Zip,78676,TX,"Austin-Round Rock, TX",8527,35,15.85365854,76,5.087719298,5.814917127
Zip,78747,TX,"Austin-Round Rock, TX",8665,35,18.24817518,49,0.877192982,5.814917127
Zip,78737,TX,"Austin-Round Rock, TX",8786,35,25.64102564,69,9.649122807,5.814917127
Zip,78739,TX,"Austin-Round Rock, TX",8880,35,23.27586207,46,1.754385965,5.814917127
Zip,78726,TX,"Austin-Round Rock, TX",8939,35,9.836065574,57,1.403508772,5.814917127
Zip,78732,TX,"Austin-Round Rock, TX",8957,35,21.73913043,73,8.070175439,5.814917127
Zip,78645,TX,"Austin-Round Rock, TX",9118,35,16.35514019,88,5.789473684,5.814917127
Zip,78642,TX,"Austin-Round Rock, TX",9207,35,18.78453039,72.5,6.842105263,5.814917127
Zip,78669,TX,"Austin-Round Rock, TX",9622,35,20,69.5,6.315789474,5.814917127
Zip,78957,TX,"Austin-Round Rock, TX",10123,35,17.91044776,66,4.210526316,5.814917127
Zip,78730,TX,"Austin-Round Rock, TX",10210,35,16.66666667,70,4.385964912,5.814917127
Zip,78736,TX,"Austin-Round Rock, TX",10404,35,23.40425532,56.5,5.438596491,5.814917127
Zip,78733,TX,"Austin-Round Rock, TX",10653,35,25.37313433,64,9.122807018,5.814917127
Zip,78619,TX,"Austin-Round Rock, TX",11061,35,32.30769231,96,10,5.814917127
Zip,77642,TX,"Beaumont-Port Arthur, TX",4329,130,11.42857143,59,1.428571429,1.712707182
Zip,77706,TX,"Beaumont-Port Arthur, TX",4887,130,20.20725389,64,9.285714286,1.712707182
Zip,77630,TX,"Beaumont-Port Arthur, TX",5735,130,9.90990991,77,2.142857143,1.712707182
Zip,77705,TX,"Beaumont-Port Arthur, TX",6056,130,14.54545455,86,8.571428571,1.712707182
Zip,77627,TX,"Beaumont-Port Arthur, TX",6674,130,16.47058824,53,5,1.712707182
Zip,77662,TX,"Beaumont-Port Arthur, TX",6904,130,15.30612245,77,7.857142857,1.712707182
Zip,77657,TX,"Beaumont-Port Arthur, TX",7559,130,12.05673759,53,0.714285714,1.712707182
Zip,77632,TX,"Beaumont-Port Arthur, TX",7734,130,19.23076923,88,10,1.712707182
Zip,77656,TX,"Beaumont-Port Arthur, TX",8399,130,14.28571429,80,7.142857143,1.712707182
Zip,77640,TX,"Beaumont-Port Arthur, TX",8445,130,10.44776119,89,6.428571429,1.712707182
Zip,77619,TX,"Beaumont-Port Arthur, TX",8511,130,19.11764706,52,4.285714286,1.712707182
Zip,77707,TX,"Beaumont-Port Arthur, TX",8779,130,15.27777778,55,3.571428571,1.712707182
Zip,77713,TX,"Beaumont-Port Arthur, TX",8926,130,12.72727273,64,2.857142857,1.712707182
Zip,77611,TX,"Beaumont-Port Arthur, TX",10218,130,12.96296296,71,5.714285714,1.712707182
Zip,78414,TX,"Corpus Christi, TX",3630,115,15.03267974,90,7.692307692,7.375690608
Zip,78412,TX,"Corpus Christi, TX",3851,115,16.4021164,83,3.076923077,7.375690608
Zip,78413,TX,"Corpus Christi, TX",4135,115,15.85365854,89,6.923076923,7.375690608
Zip,78418,TX,"Corpus Christi, TX",4554,115,13.14387211,99.5,9.230769231,7.375690608
Zip,78415,TX,"Corpus Christi, TX",4842,115,16.8,77,2.307692308,7.375690608
Zip,78411,TX,"Corpus Christi, TX",6567,115,25,78,8.461538462,7.375690608
Zip,78382,TX,"Corpus Christi, TX",6801,115,10.5,87,0.769230769,7.375690608
Zip,78410,TX,"Corpus Christi, TX",6999,115,17.0984456,79.5,3.846153846,7.375690608
Zip,78374,TX,"Corpus Christi, TX",8177,115,20.37914692,77.5,4.615384615,7.375690608
Zip,78404,TX,"Corpus Christi, TX",8966,115,18.08510638,86,10,7.375690608
Zip,78362,TX,"Corpus Christi, TX",9819,115,9.677419355,89,1.538461538,7.375690608
Zip,78336,TX,"Corpus Christi, TX",9922,115,12.12121212,99,6.153846154,7.375690608
Zip,78373,TX,"Corpus Christi, TX",11082,115,6.738544474,131,5.384615385,7.375690608
Zip,75052,TX,"Dallas-Fort Worth-Arlington, TX",1504,4,19.86970684,46,1.789473684,5
Zip,75287,TX,"Dallas-Fort Worth-Arlington, TX",1609,4,25.97402597,47,5.894736842,5
Zip,75243,TX,"Dallas-Fort Worth-Arlington, TX",1640,4,19.90049751,53,3.736842105,5
Zip,75067,TX,"Dallas-Fort Worth-Arlington, TX",1710,4,21.22641509,44,2.157894737,5
Zip,76028,TX,"Dallas-Fort Worth-Arlington, TX",1856,4,23.39544513,48.5,4.789473684,5
Zip,76063,TX,"Dallas-Fort Worth-Arlington, TX",1876,4,23.07692308,49,4.473684211,5
Zip,75056,TX,"Dallas-Fort Worth-Arlington, TX",1898,4,24.51456311,51,7,5
Zip,75228,TX,"Dallas-Fort Worth-Arlington, TX",1930,4,30.70175439,50,8,5
Zip,76244,TX,"Dallas-Fort Worth-Arlington, TX",1944,4,24.39478585,47,4.947368421,5
Zip,75217,TX,"Dallas-Fort Worth-Arlington, TX",2036,4,11.86440678,64,3.684210526,5
Zip,75206,TX,"Dallas-Fort Worth-Arlington, TX",2063,4,27.27272727,61,9.526315789,5
Zip,75035,TX,"Dallas-Fort Worth-Arlington, TX",2071,4,24.38356164,57,8.368421053,5
Zip,75150,TX,"Dallas-Fort Worth-Arlington, TX",2155,4,14.09395973,48,0.894736842,5
Zip,76116,TX,"Dallas-Fort Worth-Arlington, TX",2226,4,24.09090909,52,6.736842105,5
Zip,75043,TX,"Dallas-Fort Worth-Arlington, TX",2247,4,20.58823529,49,3.157894737,5
Zip,75002,TX,"Dallas-Fort Worth-Arlington, TX",2286,4,26.56587473,50,7.526315789,5
Zip,75211,TX,"Dallas-Fort Worth-Arlington, TX",2357,4,23.71134021,60,8.263157895,5
Zip,76179,TX,"Dallas-Fort Worth-Arlington, TX",2519,4,23.30097087,48,4.052631579,5
Zip,75204,TX,"Dallas-Fort Worth-Arlington, TX",2534,4,20.86330935,83,8.578947368,5
Zip,75070,TX,"Dallas-Fort Worth-Arlington, TX",2546,4,29.48090108,55,9.105263158,5
Zip,75034,TX,"Dallas-Fort Worth-Arlington, TX",2556,4,22.5251076,69,8.684210526,5
Zip,76137,TX,"Dallas-Fort Worth-Arlington, TX",2583,4,22.59136213,45,2.736842105,5
Zip,75098,TX,"Dallas-Fort Worth-Arlington, TX",2615,4,27.15105163,48,7.105263158,5
Zip,76051,TX,"Dallas-Fort Worth-Arlington, TX",2659,4,17.58241758,47,1.315789474,5
Zip,75115,TX,"Dallas-Fort Worth-Arlington, TX",2685,4,23.07692308,55,6.789473684,5
Zip,75093,TX,"Dallas-Fort Worth-Arlington, TX",2706,4,26.71232877,54,8.526315789,5
Zip,75068,TX,"Dallas-Fort Worth-Arlington, TX",2791,4,26.43678161,55,8.842105263,5
Zip,75007,TX,"Dallas-Fort Worth-Arlington, TX",2805,4,26.69683258,43,5,5
Zip,75071,TX,"Dallas-Fort Worth-Arlington, TX",2806,4,28.5046729,60,9.631578947,5
Zip,75231,TX,"Dallas-Fort Worth-Arlington, TX",2824,4,21.05263158,74.5,8.421052632,5
Zip,75040,TX,"Dallas-Fort Worth-Arlington, TX",2834,4,21.78217822,46.5,2.684210526,5
Zip,75149,TX,"Dallas-Fort Worth-Arlington, TX",2870,4,17,48,1.526315789,5
Zip,75061,TX,"Dallas-Fort Worth-Arlington, TX",2883,4,18.91891892,50,2.526315789,5
Zip,75025,TX,"Dallas-Fort Worth-Arlington, TX",2888,4,26.01626016,50,7.368421053,5
Zip,75080,TX,"Dallas-Fort Worth-Arlington, TX",2920,4,23.87387387,47.5,4.368421053,5
Zip,76133,TX,"Dallas-Fort Worth-Arlington, TX",2972,4,18.89400922,44,1.052631579,5
Zip,75219,TX,"Dallas-Fort Worth-Arlington, TX",3045,4,26.43051771,82,9.894736842,5
Zip,75074,TX,"Dallas-Fort Worth-Arlington, TX",3070,4,23.68421053,48,4.578947368,5
Zip,76010,TX,"Dallas-Fort Worth-Arlington, TX",3096,4,13.75,42,0.157894737,5
Zip,75063,TX,"Dallas-Fort Worth-Arlington, TX",3136,4,22.74881517,54,5.947368421,5
Zip,75024,TX,"Dallas-Fort Worth-Arlington, TX",3146,4,23.94957983,62,8.947368421,5
Zip,75023,TX,"Dallas-Fort Worth-Arlington, TX",3165,4,24.63054187,45,4.315789474,5
Zip,75227,TX,"Dallas-Fort Worth-Arlington, TX",3230,4,18.18181818,53,2.894736842,5
Zip,75006,TX,"Dallas-Fort Worth-Arlington, TX",3281,4,20.27972028,43,1.473684211,5
Zip,75062,TX,"Dallas-Fort Worth-Arlington, TX",3368,4,16.66666667,48,1.368421053,5
Zip,76112,TX,"Dallas-Fort Worth-Arlington, TX",3399,4,19.11764706,51,3,5
Zip,75216,TX,"Dallas-Fort Worth-Arlington, TX",3410,4,17,72,6.421052632,5
Zip,76017,TX,"Dallas-Fort Worth-Arlington, TX",3434,4,16.03773585,42,0.263157895,5
Zip,75214,TX,"Dallas-Fort Worth-Arlington, TX",3451,4,25.99277978,59.5,9.263157895,5
Zip,75126,TX,"Dallas-Fort Worth-Arlington, TX",3452,4,25.23874488,52,7.315789474,5
Zip,75248,TX,"Dallas-Fort Worth-Arlington, TX",3466,4,23.84937238,50,5.789473684,5
Zip,76039,TX,"Dallas-Fort Worth-Arlington, TX",3470,4,30.17241379,39,4.894736842,5
Zip,75104,TX,"Dallas-Fort Worth-Arlington, TX",3579,4,15.2284264,56,2.947368421,5
Zip,76108,TX,"Dallas-Fort Worth-Arlington, TX",3605,4,19.40789474,44,1.263157895,5
Zip,75019,TX,"Dallas-Fort Worth-Arlington, TX",3676,4,30.52208835,53,8.736842105,5
Zip,75013,TX,"Dallas-Fort Worth-Arlington, TX",3838,4,27.99043062,60,9.473684211,5
Zip,75165,TX,"Dallas-Fort Worth-Arlington, TX",3862,4,23.66666667,55,7.157894737,5
Zip,75050,TX,"Dallas-Fort Worth-Arlington, TX",3996,4,16.32653061,45,0.631578947,5
Zip,76021,TX,"Dallas-Fort Worth-Arlington, TX",4017,4,25.73099415,40,3.789473684,5
Zip,75028,TX,"Dallas-Fort Worth-Arlington, TX",4077,4,22.22222222,45,2.473684211,5
Zip,75044,TX,"Dallas-Fort Worth-Arlington, TX",4080,4,23.28042328,51,5.526315789,5
Zip,76107,TX,"Dallas-Fort Worth-Arlington, TX",4125,4,24.4648318,71,9.421052632,5
Zip,75075,TX,"Dallas-Fort Worth-Arlington, TX",4211,4,31.03448276,46,7.052631579,5
Zip,76119,TX,"Dallas-Fort Worth-Arlington, TX",4239,4,14.75409836,64,4.210526316,5
Zip,75060,TX,"Dallas-Fort Worth-Arlington, TX",4266,4,16.66666667,47,0.947368421,5
Zip,75154,TX,"Dallas-Fort Worth-Arlington, TX",4268,4,24.61538462,49,6.210526316,5
Zip,76262,TX,"Dallas-Fort Worth-Arlington, TX",4275,4,21.02272727,59,6.894736842,5
Zip,76180,TX,"Dallas-Fort Worth-Arlington, TX",4278,4,25.71428571,46,5.421052632,5
Zip,75081,TX,"Dallas-Fort Worth-Arlington, TX",4336,4,25.17482517,45,4.736842105,5
Zip,76210,TX,"Dallas-Fort Worth-Arlington, TX",4365,4,25.42955326,44,4.421052632,5
Zip,75069,TX,"Dallas-Fort Worth-Arlington, TX",4398,4,24,55,7.473684211,5
Zip,75220,TX,"Dallas-Fort Worth-Arlington, TX",4450,4,26.41509434,85,9.947368421,5
Zip,75038,TX,"Dallas-Fort Worth-Arlington, TX",4694,4,16.48351648,51.5,2.210526316,5
Zip,75087,TX,"Dallas-Fort Worth-Arlington, TX",4763,4,24.08963585,56,7.842105263,5
Zip,76248,TX,"Dallas-Fort Worth-Arlington, TX",4767,4,27.85234899,54,8.789473684,5
Zip,76131,TX,"Dallas-Fort Worth-Arlington, TX",4907,4,22.88888889,47,3.421052632,5
Zip,76013,TX,"Dallas-Fort Worth-Arlington, TX",4924,4,22,41,1.684210526,5
Zip,76006,TX,"Dallas-Fort Worth-Arlington, TX",4929,4,14.51612903,54,2.263157895,5
Zip,76065,TX,"Dallas-Fort Worth-Arlington, TX",4978,4,16.79389313,65,5.263157895,5
Zip,75077,TX,"Dallas-Fort Worth-Arlington, TX",5018,4,20.28985507,49,2.842105263,5
Zip,76227,TX,"Dallas-Fort Worth-Arlington, TX",5053,4,25.25083612,53,7.578947368,5
Zip,75230,TX,"Dallas-Fort Worth-Arlington, TX",5068,4,22.1574344,105,9.157894737,5
Zip,76132,TX,"Dallas-Fort Worth-Arlington, TX",5109,4,22.04724409,62,7.684210526,5
Zip,75252,TX,"Dallas-Fort Worth-Arlington, TX",5178,4,21.26436782,56,6.157894737,5
Zip,75238,TX,"Dallas-Fort Worth-Arlington, TX",5279,4,35,59,9.736842105,5
Zip,75051,TX,"Dallas-Fort Worth-Arlington, TX",5293,4,6.349206349,46,0.210526316,5
Zip,75033,TX,"Dallas-Fort Worth-Arlington, TX",5326,4,24.8427673,67,9.368421053,5
Zip,76049,TX,"Dallas-Fort Worth-Arlington, TX",5426,4,13.65461847,54,2.052631579,5
Zip,76053,TX,"Dallas-Fort Worth-Arlington, TX",5531,4,20.68965517,40,1.210526316,5
Zip,75039,TX,"Dallas-Fort Worth-Arlington, TX",5598,4,20.83333333,77,8.473684211,5
Zip,75234,TX,"Dallas-Fort Worth-Arlington, TX",5635,4,28.16901408,46,6.526315789,5
Zip,75254,TX,"Dallas-Fort Worth-Arlington, TX",5710,4,18.42105263,60,5.368421053,5
Zip,75010,TX,"Dallas-Fort Worth-Arlington, TX",5727,4,24.07407407,49.5,5.842105263,5
Zip,75229,TX,"Dallas-Fort Worth-Arlington, TX",5766,4,25.27881041,61,9.210526316,5
Zip,75042,TX,"Dallas-Fort Worth-Arlington, TX",5772,4,20.23809524,41,1,5
Zip,76182,TX,"Dallas-Fort Worth-Arlington, TX",5808,4,25.98870056,45,5.105263158,5
Zip,76117,TX,"Dallas-Fort Worth-Arlington, TX",5831,4,17.58241758,42,0.473684211,5
Zip,76040,TX,"Dallas-Fort Worth-Arlington, TX",5854,4,21.27659574,42,1.894736842,5
Zip,76016,TX,"Dallas-Fort Worth-Arlington, TX",5885,4,22.27979275,45,2.631578947,5
Zip,76048,TX,"Dallas-Fort Worth-Arlington, TX",5905,4,19.1011236,53,3.368421053,5
Zip,76087,TX,"Dallas-Fort Worth-Arlington, TX",5916,4,15.6626506,45,0.578947368,5
Zip,75208,TX,"Dallas-Fort Worth-Arlington, TX",5921,4,24.65753425,76,9.789473684,5
Zip,75032,TX,"Dallas-Fort Worth-Arlington, TX",5940,4,20.82262211,64,7.421052632,5
Zip,76014,TX,"Dallas-Fort Worth-Arlington, TX",6010,4,16.41791045,42,0.315789474,5
Zip,76020,TX,"Dallas-Fort Worth-Arlington, TX",6030,4,19.81981982,57,5.210526316,5
Zip,76012,TX,"Dallas-Fort Worth-Arlington, TX",6199,4,17.36111111,51,2.368421053,5
Zip,75218,TX,"Dallas-Fort Worth-Arlington, TX",6332,4,26.37362637,56,9,5
Zip,75224,TX,"Dallas-Fort Worth-Arlington, TX",6351,4,34.11764706,74,10,5
Zip,75189,TX,"Dallas-Fort Worth-Arlington, TX",6364,4,25.97402597,56,8.894736842,5
Zip,76033,TX,"Dallas-Fort Worth-Arlington, TX",6390,4,16.25,56,3.263157895,5
Zip,75241,TX,"Dallas-Fort Worth-Arlington, TX",6394,4,15.23809524,62,4.105263158,5
Zip,75089,TX,"Dallas-Fort Worth-Arlington, TX",6408,4,27.77777778,52.5,8.157894737,5
Zip,76123,TX,"Dallas-Fort Worth-Arlington, TX",6431,4,22.14765101,48,3.526315789,5
Zip,76001,TX,"Dallas-Fort Worth-Arlington, TX",6463,4,18.71345029,42,0.842105263,5
Zip,76109,TX,"Dallas-Fort Worth-Arlington, TX",6531,4,27.5862069,61,9.578947368,5
Zip,76110,TX,"Dallas-Fort Worth-Arlington, TX",6536,4,19.09090909,65,6.631578947,5
Zip,75240,TX,"Dallas-Fort Worth-Arlington, TX",6548,4,23.80952381,57.5,7.947368421,5
Zip,76226,TX,"Dallas-Fort Worth-Arlington, TX",6639,4,24.56747405,65,9.315789474,5
Zip,76209,TX,"Dallas-Fort Worth-Arlington, TX",6715,4,21.81818182,41.5,1.736842105,5
Zip,75232,TX,"Dallas-Fort Worth-Arlington, TX",6722,4,18.42105263,56,3.947368421,5
Zip,76140,TX,"Dallas-Fort Worth-Arlington, TX",6733,4,10.34482759,43,0.105263158,5
Zip,76036,TX,"Dallas-Fort Worth-Arlington, TX",6784,4,18.06722689,48,1.842105263,5
Zip,75205,TX,"Dallas-Fort Worth-Arlington, TX",6796,4,12.98701299,99,5.578947368,5
Zip,75041,TX,"Dallas-Fort Worth-Arlington, TX",6862,4,20.51282051,42,1.421052632,5
Zip,76092,TX,"Dallas-Fort Worth-Arlington, TX",6881,4,20.81784387,67,7.631578947,5
Zip,75082,TX,"Dallas-Fort Worth-Arlington, TX",6882,4,24.03846154,56,7.736842105,5
Zip,75225,TX,"Dallas-Fort Worth-Arlington, TX",6942,4,20.68965517,100,8.631578947,5
Zip,75160,TX,"Dallas-Fort Worth-Arlington, TX",6994,4,14.38848921,56,2.578947368,5
Zip,76002,TX,"Dallas-Fort Worth-Arlington, TX",7027,4,17.24137931,44,0.684210526,5
Zip,75078,TX,"Dallas-Fort Worth-Arlington, TX",7051,4,20.1884253,88.5,8.052631579,5
Zip,76114,TX,"Dallas-Fort Worth-Arlington, TX",7062,4,18.03278689,55,3.578947368,5
Zip,76126,TX,"Dallas-Fort Worth-Arlington, TX",7113,4,14.74654378,53,2.105263158,5
Zip,75001,TX,"Dallas-Fort Worth-Arlington, TX",7154,4,20,64,6.947368421,5
Zip,75201,TX,"Dallas-Fort Worth-Arlington, TX",7158,4,14.45783133,165.5,6.263157895,5
Zip,75119,TX,"Dallas-Fort Worth-Arlington, TX",7168,4,13.76146789,75,5.315789474,5
Zip,76034,TX,"Dallas-Fort Worth-Arlington, TX",7245,4,21.24542125,65.5,7.894736842,5
Zip,76208,TX,"Dallas-Fort Worth-Arlington, TX",7327,4,24.63768116,50,6.842105263,5
Zip,76134,TX,"Dallas-Fort Worth-Arlington, TX",7497,4,16.82242991,45,0.736842105,5
Zip,76018,TX,"Dallas-Fort Worth-Arlington, TX",7599,4,11.70212766,38,0.052631579,5
Zip,75088,TX,"Dallas-Fort Worth-Arlington, TX",7611,4,24.27745665,51,6.684210526,5
Zip,75048,TX,"Dallas-Fort Worth-Arlington, TX",7746,4,24.34210526,49.5,6.052631579,5
Zip,76148,TX,"Dallas-Fort Worth-Arlington, TX",7802,4,32,42,5.736842105,5
Zip,75146,TX,"Dallas-Fort Worth-Arlington, TX",7843,4,12.04819277,54,1.631578947,5
Zip,75022,TX,"Dallas-Fort Worth-Arlington, TX",7927,4,20.45454545,54,4.157894737,5
Zip,75180,TX,"Dallas-Fort Worth-Arlington, TX",7937,4,9.722222222,62,3.315789474,5
Zip,76135,TX,"Dallas-Fort Worth-Arlington, TX",8034,4,16.49484536,50,1.947368421,5
Zip,75181,TX,"Dallas-Fort Worth-Arlington, TX",8084,4,23.61111111,48,4.263157895,5
Zip,76120,TX,"Dallas-Fort Worth-Arlington, TX",8164,4,18.05555556,43,0.789473684,5
Zip,76009,TX,"Dallas-Fort Worth-Arlington, TX",8171,4,13.51351351,57.5,2.789473684,5
Zip,75215,TX,"Dallas-Fort Worth-Arlington, TX",8218,4,10.20408163,72,4.526315789,5
Zip,75142,TX,"Dallas-Fort Worth-Arlington, TX",8325,4,19.17808219,70.5,7.263157895,5
Zip,76052,TX,"Dallas-Fort Worth-Arlington, TX",8360,4,17.9389313,54,3.210526316,5
Zip,75407,TX,"Dallas-Fort Worth-Arlington, TX",8372,4,10.16260163,48,0.526315789,5
Zip,75402,TX,"Dallas-Fort Worth-Arlington, TX",8409,4,23.14814815,56,7.210526316,5
Zip,76205,TX,"Dallas-Fort Worth-Arlington, TX",8448,4,22.22222222,41,2,5
Zip,75401,TX,"Dallas-Fort Worth-Arlington, TX",8455,4,7.547169811,71,3.894736842,5
Zip,76234,TX,"Dallas-Fort Worth-Arlington, TX",8520,4,17.64705882,64,5.684210526,5
Zip,75209,TX,"Dallas-Fort Worth-Arlington, TX",8539,4,24.29906542,83,9.684210526,5
Zip,75094,TX,"Dallas-Fort Worth-Arlington, TX",8560,4,24.24242424,48,5.052631579,5
Zip,76177,TX,"Dallas-Fort Worth-Arlington, TX",8567,4,23.03921569,54,6.105263158,5
Zip,75137,TX,"Dallas-Fort Worth-Arlington, TX",8589,4,6.741573034,53,1.157894737,5
Zip,76058,TX,"Dallas-Fort Worth-Arlington, TX",8611,4,14.66666667,55,2.421052632,5
Zip,76111,TX,"Dallas-Fort Worth-Arlington, TX",8615,4,25.45454545,58,9.052631579,5
Zip,76008,TX,"Dallas-Fort Worth-Arlington, TX",8747,4,23.36065574,50,5.157894737,5
Zip,75474,TX,"Dallas-Fort Worth-Arlington, TX",8771,4,13.41463415,72,4.842105263,5
Zip,75116,TX,"Dallas-Fort Worth-Arlington, TX",8774,4,14.81481481,51,1.578947368,5
Zip,75134,TX,"Dallas-Fort Worth-Arlington, TX",8800,4,9.090909091,56.5,2.315789474,5
Zip,75159,TX,"Dallas-Fort Worth-Arlington, TX",8965,4,19.14893617,55,4,5
Zip,75409,TX,"Dallas-Fort Worth-Arlington, TX",9079,4,21.86379928,54,5.473684211,5
Zip,76031,TX,"Dallas-Fort Worth-Arlington, TX",9117,4,23.1884058,62,8.210526316,5
Zip,76207,TX,"Dallas-Fort Worth-Arlington, TX",9128,4,16.98113208,65.5,5.631578947,5
Zip,76266,TX,"Dallas-Fort Worth-Arlington, TX",9150,4,13.51351351,47,0.421052632,5
Zip,76118,TX,"Dallas-Fort Worth-Arlington, TX",9233,4,18.29268293,45,1.105263158,5
Zip,75244,TX,"Dallas-Fort Worth-Arlington, TX",9323,4,27.18446602,68,9.842105263,5
Zip,76247,TX,"Dallas-Fort Worth-Arlington, TX",9539,4,22.58064516,46,3.105263158,5
Zip,75054,TX,"Dallas-Fort Worth-Arlington, TX",9587,4,20.14925373,54,3.842105263,5
Zip,76103,TX,"Dallas-Fort Worth-Arlington, TX",9632,4,23.07692308,47,3.631578947,5
Zip,75009,TX,"Dallas-Fort Worth-Arlington, TX",9640,4,20.06861063,75,7.789473684,5
Zip,75065,TX,"Dallas-Fort Worth-Arlington, TX",9698,4,28.78787879,45,6.315789474,5
Zip,76054,TX,"Dallas-Fort Worth-Arlington, TX",9776,4,20.51282051,49,3.052631579,5
Zip,75249,TX,"Dallas-Fort Worth-Arlington, TX",9843,4,7.407407407,48,0.368421053,5
Zip,76426,TX,"Dallas-Fort Worth-Arlington, TX",10011,4,18.60465116,65.5,6.473684211,5
Zip,75442,TX,"Dallas-Fort Worth-Arlington, TX",10327,4,17.72151899,59,4.684210526,5
Zip,75454,TX,"Dallas-Fort Worth-Arlington, TX",10383,4,24.05063291,57.5,8.105263158,5
Zip,75167,TX,"Dallas-Fort Worth-Arlington, TX",10542,4,14.1509434,60,3.473684211,5
Zip,76078,TX,"Dallas-Fort Worth-Arlington, TX",10543,4,25.58139535,48,6.368421053,5
Zip,76060,TX,"Dallas-Fort Worth-Arlington, TX",10621,4,20.63492063,57,6,5
Zip,76043,TX,"Dallas-Fort Worth-Arlington, TX",10685,4,23.63636364,61,8.315789474,5
Zip,76258,TX,"Dallas-Fort Worth-Arlington, TX",10798,4,18.36734694,57,4.631578947,5
Zip,75135,TX,"Dallas-Fort Worth-Arlington, TX",10834,4,21.56862745,56.5,6.578947368,5
Zip,79936,TX,"El Paso, TX",1225,68,18.71794872,80,5,7.610497238
Zip,79912,TX,"El Paso, TX",1467,68,17.67955801,92,8.333333333,7.610497238
Zip,79938,TX,"El Paso, TX",1883,68,12.5698324,110,7.222222222,7.610497238
Zip,79924,TX,"El Paso, TX",2451,68,18.98148148,79.5,5.555555556,7.610497238
Zip,79928,TX,"El Paso, TX",2967,68,6.998654105,110,3.888888889,7.610497238
Zip,79907,TX,"El Paso, TX",3371,68,16.4556962,89,6.666666667,7.610497238
Zip,79925,TX,"El Paso, TX",3991,68,16.42857143,83,2.222222222,7.610497238
Zip,79915,TX,"El Paso, TX",5181,68,21.21212121,91,9.444444444,7.610497238
Zip,79904,TX,"El Paso, TX",5647,68,15.53398058,88.5,2.777777778,7.610497238
Zip,79927,TX,"El Paso, TX",6022,68,8.695652174,99,3.333333333,7.610497238
Zip,79902,TX,"El Paso, TX",6855,68,7.777777778,86,0.555555556,7.610497238
Zip,79934,TX,"El Paso, TX",6905,68,16.21621622,72,1.111111111,7.610497238
Zip,79930,TX,"El Paso, TX",6909,68,20.27027027,71,4.444444444,7.610497238
Zip,79932,TX,"El Paso, TX",7193,68,12.5,124,7.777777778,7.610497238
Zip,79935,TX,"El Paso, TX",8766,68,25,58,6.111111111,7.610497238
Zip,79903,TX,"El Paso, TX",8809,68,13.7254902,85,1.666666667,7.610497238
Zip,79922,TX,"El Paso, TX",10780,68,17.80821918,108,8.888888889,7.610497238
Zip,79911,TX,"El Paso, TX",11007,68,18.18181818,109,10,7.610497238
Zip,77494,TX,"Houston-The Woodlands-Sugar Land, TX",1184,6,24.08,70,7.861271676,7.665745856
Zip,77449,TX,"Houston-The Woodlands-Sugar Land, TX",1238,6,17.29452055,57.5,2.427745665,7.665745856
Zip,77084,TX,"Houston-The Woodlands-Sugar Land, TX",1247,6,16.63479924,56,2.023121387,7.665745856
Zip,77573,TX,"Houston-The Woodlands-Sugar Land, TX",1415,6,24.66307278,57,4.797687861,7.665745856
Zip,77584,TX,"Houston-The Woodlands-Sugar Land, TX",1428,6,21.4159292,60,3.988439306,7.665745856
Zip,77433,TX,"Houston-The Woodlands-Sugar Land, TX",1518,6,26.01713062,74,8.786127168,7.665745856
Zip,77429,TX,"Houston-The Woodlands-Sugar Land, TX",1543,6,22.05128205,63,5.202312139,7.665745856
Zip,77479,TX,"Houston-The Woodlands-Sugar Land, TX",1544,6,24.37869822,74,8.554913295,7.665745856
Zip,77036,TX,"Houston-The Woodlands-Sugar Land, TX",1561,6,21.15384615,88,8.670520231,7.665745856
Zip,77077,TX,"Houston-The Woodlands-Sugar Land, TX",1629,6,25.61797753,84,9.653179191,7.665745856
Zip,77379,TX,"Houston-The Woodlands-Sugar Land, TX",1676,6,26.28571429,61,7.10982659,7.665745856
Zip,77459,TX,"Houston-The Woodlands-Sugar Land, TX",1842,6,23.5162374,79,8.728323699,7.665745856
Zip,77450,TX,"Houston-The Woodlands-Sugar Land, TX",1935,6,23.83612663,64,6.878612717,7.665745856
Zip,77095,TX,"Houston-The Woodlands-Sugar Land, TX",1952,6,21.15869018,59,3.699421965,7.665745856
Zip,77082,TX,"Houston-The Woodlands-Sugar Land, TX",2138,6,15.95330739,72.5,3.87283237,7.665745856
Zip,77007,TX,"Houston-The Woodlands-Sugar Land, TX",2200,6,24.40758294,93,9.710982659,7.665745856
Zip,77057,TX,"Houston-The Woodlands-Sugar Land, TX",2204,6,20.3125,90,8.38150289,7.665745856
Zip,77521,TX,"Houston-The Woodlands-Sugar Land, TX",2275,6,16.61341853,59,2.543352601,7.665745856
Zip,77083,TX,"Houston-The Woodlands-Sugar Land, TX",2345,6,10.81081081,69,2.080924855,7.665745856
Zip,77346,TX,"Houston-The Woodlands-Sugar Land, TX",2417,6,25,65,7.572254335,7.665745856
Zip,77375,TX,"Houston-The Woodlands-Sugar Land, TX",2476,6,25.12562814,62,6.820809249,7.665745856
Zip,77070,TX,"Houston-The Woodlands-Sugar Land, TX",2529,6,24.54545455,63,6.994219653,7.665745856
Zip,77373,TX,"Houston-The Woodlands-Sugar Land, TX",2692,6,17.24137931,64,3.179190751,7.665745856
Zip,77386,TX,"Houston-The Woodlands-Sugar Land, TX",2850,6,23.56495468,70,7.687861272,7.665745856
Zip,77407,TX,"Houston-The Woodlands-Sugar Land, TX",2935,6,20.33898305,72,5.953757225,7.665745856
Zip,77042,TX,"Houston-The Woodlands-Sugar Land, TX",2940,6,28.67132867,73,8.843930636,7.665745856
Zip,77063,TX,"Houston-The Woodlands-Sugar Land, TX",2959,6,20.51282051,75,7.052023121,7.665745856
Zip,77546,TX,"Houston-The Woodlands-Sugar Land, TX",3076,6,21.1627907,57,3.352601156,7.665745856
Zip,77072,TX,"Houston-The Woodlands-Sugar Land, TX",3132,6,11.02362205,57,0.693641618,7.665745856
Zip,77008,TX,"Houston-The Woodlands-Sugar Land, TX",3155,6,17.6369863,75,4.971098266,7.665745856
Zip,77015,TX,"Houston-The Woodlands-Sugar Land, TX",3233,6,14.42307692,60,1.791907514,7.665745856
Zip,77396,TX,"Houston-The Woodlands-Sugar Land, TX",3251,6,13.7755102,65,2.658959538,7.665745856
Zip,77511,TX,"Houston-The Woodlands-Sugar Land, TX",3293,6,18.71921182,56.5,2.485549133,7.665745856
Zip,77040,TX,"Houston-The Woodlands-Sugar Land, TX",3294,6,14.49275362,57.5,1.502890173,7.665745856
Zip,77406,TX,"Houston-The Woodlands-Sugar Land, TX",3334,6,23.26203209,75,8.208092486,7.665745856
Zip,77089,TX,"Houston-The Woodlands-Sugar Land, TX",3393,6,14.47963801,53,0.809248555,7.665745856
Zip,77388,TX,"Houston-The Woodlands-Sugar Land, TX",3468,6,24.31506849,61,5.780346821,7.665745856
Zip,77469,TX,"Houston-The Woodlands-Sugar Land, TX",3471,6,26.25,76,9.132947977,7.665745856
Zip,77339,TX,"Houston-The Woodlands-Sugar Land, TX",3518,6,25.98684211,61,6.936416185,7.665745856
Zip,77088,TX,"Houston-The Woodlands-Sugar Land, TX",3524,6,13.66906475,59,1.445086705,7.665745856
Zip,77581,TX,"Houston-The Woodlands-Sugar Land, TX",3594,6,27.88844622,54,5.028901734,7.665745856
Zip,77099,TX,"Houston-The Woodlands-Sugar Land, TX",3599,6,8.421052632,64,1.329479769,7.665745856
Zip,77090,TX,"Houston-The Woodlands-Sugar Land, TX",3617,6,20.86330935,57,3.23699422,7.665745856
Zip,77024,TX,"Houston-The Woodlands-Sugar Land, TX",3657,6,21.8503937,128.5,9.479768786,7.665745856
Zip,77004,TX,"Houston-The Woodlands-Sugar Land, TX",3713,6,12.5,108.5,5.549132948,7.665745856
Zip,77064,TX,"Houston-The Woodlands-Sugar Land, TX",3717,6,18.8034188,49.5,1.676300578,7.665745856
Zip,77539,TX,"Houston-The Woodlands-Sugar Land, TX",3751,6,18.65671642,56,2.312138728,7.665745856
Zip,77080,TX,"Houston-The Woodlands-Sugar Land, TX",3802,6,23.17596567,70,7.456647399,7.665745856
Zip,77055,TX,"Houston-The Woodlands-Sugar Land, TX",3877,6,22.22222222,93,9.190751445,7.665745856
Zip,77498,TX,"Houston-The Woodlands-Sugar Land, TX",3912,6,20.94017094,61,3.930635838,7.665745856
Zip,77044,TX,"Houston-The Woodlands-Sugar Land, TX",4020,6,20.25862069,75,6.473988439,7.665745856
Zip,77338,TX,"Houston-The Woodlands-Sugar Land, TX",4177,6,13.51351351,53,0.63583815,7.665745856
Zip,77009,TX,"Houston-The Woodlands-Sugar Land, TX",4248,6,20.27972028,84.5,8.034682081,7.665745856
Zip,77096,TX,"Houston-The Woodlands-Sugar Land, TX",4270,6,26.22478386,111,9.942196532,7.665745856
Zip,77035,TX,"Houston-The Woodlands-Sugar Land, TX",4379,6,28.29268293,111.5,10,7.665745856
Zip,77065,TX,"Houston-The Woodlands-Sugar Land, TX",4401,6,15.09433962,55.5,1.213872832,7.665745856
Zip,77471,TX,"Houston-The Woodlands-Sugar Land, TX",4426,6,22.96296296,62.5,5.49132948,7.665745856
Zip,77356,TX,"Houston-The Woodlands-Sugar Land, TX",4524,6,15.72700297,95,6.76300578,7.665745856
Zip,77054,TX,"Houston-The Woodlands-Sugar Land, TX",4550,6,23.37662338,69,7.283236994,7.665745856
Zip,77079,TX,"Houston-The Woodlands-Sugar Land, TX",4611,6,30.6010929,82,9.768786127,7.665745856
Zip,77092,TX,"Houston-The Woodlands-Sugar Land, TX",4625,6,20.74468085,75,7.225433526,7.665745856
Zip,77006,TX,"Houston-The Woodlands-Sugar Land, TX",4641,6,23.47266881,96,9.537572254,7.665745856
Zip,77074,TX,"Houston-The Woodlands-Sugar Land, TX",4673,6,18.46153846,83,7.167630058,7.665745856
Zip,77056,TX,"Houston-The Woodlands-Sugar Land, TX",4701,6,23.17380353,136,9.826589595,7.665745856
Zip,77381,TX,"Houston-The Woodlands-Sugar Land, TX",4809,6,21.25,67,5.375722543,7.665745856
Zip,77520,TX,"Houston-The Woodlands-Sugar Land, TX",4816,6,16.42857143,62,2.716763006,7.665745856
Zip,77354,TX,"Houston-The Woodlands-Sugar Land, TX",4830,6,19.21052632,77,6.184971098,7.665745856
Zip,77377,TX,"Houston-The Woodlands-Sugar Land, TX",4850,6,22.25806452,64,5.722543353,7.665745856
Zip,77571,TX,"Houston-The Woodlands-Sugar Land, TX",4911,6,19.88636364,53,2.369942197,7.665745856
Zip,77365,TX,"Houston-The Woodlands-Sugar Land, TX",4956,6,18.10584958,70,4.104046243,7.665745856
Zip,77073,TX,"Houston-The Woodlands-Sugar Land, TX",4977,6,15.76086957,56,1.560693642,7.665745856
Zip,77304,TX,"Houston-The Woodlands-Sugar Land, TX",4979,6,19.59654179,78,6.647398844,7.665745856
Zip,77025,TX,"Houston-The Woodlands-Sugar Land, TX",5040,6,22.07792208,98,9.248554913,7.665745856
Zip,77380,TX,"Houston-The Woodlands-Sugar Land, TX",5065,6,21.34387352,84,8.612716763,7.665745856
Zip,77093,TX,"Houston-The Woodlands-Sugar Land, TX",5116,6,11.53846154,89,4.277456647,7.665745856
Zip,77034,TX,"Houston-The Woodlands-Sugar Land, TX",5128,6,16.43835616,55,1.734104046,7.665745856
Zip,77566,TX,"Houston-The Woodlands-Sugar Land, TX",5139,6,17.94871795,56.5,2.25433526,7.665745856
Zip,77389,TX,"Houston-The Woodlands-Sugar Land, TX",5195,6,19.69111969,82,7.398843931,7.665745856
Zip,77477,TX,"Houston-The Woodlands-Sugar Land, TX",5218,6,30.15873016,52,4.739884393,7.665745856
Zip,77382,TX,"Houston-The Woodlands-Sugar Land, TX",5243,6,19.14893617,75,5.664739884,7.665745856
Zip,77550,TX,"Houston-The Woodlands-Sugar Land, TX",5310,6,14.38596491,86,4.855491329,7.665745856
Zip,77019,TX,"Houston-The Woodlands-Sugar Land, TX",5434,6,25.56818182,92,9.884393064,7.665745856
Zip,77075,TX,"Houston-The Woodlands-Sugar Land, TX",5525,6,16.17647059,45.5,0.98265896,7.665745856
Zip,77598,TX,"Houston-The Woodlands-Sugar Land, TX",5552,6,25,47,3.583815029,7.665745856
Zip,77536,TX,"Houston-The Woodlands-Sugar Land, TX",5554,6,18.69918699,52,1.849710983,7.665745856
Zip,77489,TX,"Houston-The Woodlands-Sugar Land, TX",5583,6,11.72413793,54,0.346820809,7.665745856
Zip,77027,TX,"Houston-The Woodlands-Sugar Land, TX",5714,6,20.657277,87,8.323699422,7.665745856
Zip,77493,TX,"Houston-The Woodlands-Sugar Land, TX",5719,6,29.5751634,64,7.976878613,7.665745856
Zip,77502,TX,"Houston-The Woodlands-Sugar Land, TX",5787,6,17.24137931,54.5,1.907514451,7.665745856
Zip,77018,TX,"Houston-The Woodlands-Sugar Land, TX",5847,6,19.94301994,72,5.606936416,7.665745856
Zip,77532,TX,"Houston-The Woodlands-Sugar Land, TX",5851,6,19.93127148,75.5,6.589595376,7.665745856
Zip,77590,TX,"Houston-The Woodlands-Sugar Land, TX",5860,6,13.67521368,54,0.751445087,7.665745856
Zip,77535,TX,"Houston-The Woodlands-Sugar Land, TX",5867,6,11.79775281,50,0.173410405,7.665745856
Zip,77041,TX,"Houston-The Woodlands-Sugar Land, TX",5897,6,25.78947368,69.5,8.150289017,7.665745856
Zip,77014,TX,"Houston-The Woodlands-Sugar Land, TX",5979,6,11.53846154,56,0.520231214,7.665745856
Zip,77506,TX,"Houston-The Woodlands-Sugar Land, TX",6042,6,9.803921569,49,0.057803468,7.665745856
Zip,77515,TX,"Houston-The Woodlands-Sugar Land, TX",6116,6,20.54054054,69,5.144508671,7.665745856
Zip,77021,TX,"Houston-The Woodlands-Sugar Land, TX",6124,6,16.25,73,4.046242775,7.665745856
Zip,77301,TX,"Houston-The Woodlands-Sugar Land, TX",6152,6,15.29411765,68.5,2.947976879,7.665745856
Zip,77049,TX,"Houston-The Woodlands-Sugar Land, TX",6167,6,6.603773585,57,0.231213873,7.665745856
Zip,77047,TX,"Houston-The Woodlands-Sugar Land, TX",6528,6,10.6557377,50.5,0.115606936,7.665745856
Zip,77091,TX,"Houston-The Woodlands-Sugar Land, TX",6575,6,15.84158416,78,4.50867052,7.665745856
Zip,77586,TX,"Houston-The Woodlands-Sugar Land, TX",6582,6,17.44680851,68,3.526011561,7.665745856
Zip,77066,TX,"Houston-The Woodlands-Sugar Land, TX",6607,6,21.48148148,62,4.450867052,7.665745856
Zip,77017,TX,"Houston-The Woodlands-Sugar Land, TX",6608,6,21.31147541,80,8.092485549,7.665745856
Zip,77005,TX,"Houston-The Woodlands-Sugar Land, TX",6657,6,22.35772358,68,6.416184971,7.665745856
Zip,77071,TX,"Houston-The Woodlands-Sugar Land, TX",6695,6,20.8,64,4.393063584,7.665745856
Zip,77530,TX,"Houston-The Woodlands-Sugar Land, TX",6705,6,21.73913043,58,3.815028902,7.665745856
Zip,77023,TX,"Houston-The Woodlands-Sugar Land, TX",6752,6,32.58426966,73,9.075144509,7.665745856
Zip,77016,TX,"Houston-The Woodlands-Sugar Land, TX",6787,6,17.70833333,90.5,7.514450867,7.665745856
Zip,77067,TX,"Houston-The Woodlands-Sugar Land, TX",6798,6,10.81081081,67.5,1.965317919,7.665745856
Zip,77551,TX,"Houston-The Woodlands-Sugar Land, TX",6858,6,12.24489796,69,2.601156069,7.665745856
Zip,77022,TX,"Houston-The Woodlands-Sugar Land, TX",6860,6,12.85714286,90,4.624277457,7.665745856
Zip,77583,TX,"Houston-The Woodlands-Sugar Land, TX",6911,6,23.37662338,83,8.901734104,7.665745856
Zip,77045,TX,"Houston-The Woodlands-Sugar Land, TX",6918,6,19.78021978,77,6.705202312,7.665745856
Zip,77357,TX,"Houston-The Woodlands-Sugar Land, TX",6961,6,21.59090909,93.5,9.01734104,7.665745856
Zip,77316,TX,"Houston-The Woodlands-Sugar Land, TX",6967,6,24.20537897,91.5,9.595375723,7.665745856
Zip,77355,TX,"Houston-The Woodlands-Sugar Land, TX",6992,6,18.30508475,80,6.300578035,7.665745856
Zip,77098,TX,"Houston-The Woodlands-Sugar Land, TX",7003,6,15.26717557,82,4.913294798,7.665745856
Zip,77058,TX,"Houston-The Woodlands-Sugar Land, TX",7004,6,15.7480315,52.5,1.156069364,7.665745856
Zip,77062,TX,"Houston-The Woodlands-Sugar Land, TX",7005,6,16.54676259,52,1.387283237,7.665745856
Zip,77043,TX,"Houston-The Woodlands-Sugar Land, TX",7150,6,27.45098039,80,9.421965318,7.665745856
Zip,77033,TX,"Houston-The Woodlands-Sugar Land, TX",7179,6,10.71428571,82,3.468208092,7.665745856
Zip,77384,TX,"Houston-The Woodlands-Sugar Land, TX",7182,6,19.45701357,83,7.630057803,7.665745856
Zip,77478,TX,"Houston-The Woodlands-Sugar Land, TX",7236,6,20.73170732,71.5,6.011560694,7.665745856
Zip,77345,TX,"Houston-The Woodlands-Sugar Land, TX",7311,6,21.91780822,67,5.895953757,7.665745856
Zip,77061,TX,"Houston-The Woodlands-Sugar Land, TX",7364,6,20,62.5,3.757225434,7.665745856
Zip,77504,TX,"Houston-The Woodlands-Sugar Land, TX",7392,6,14.51612903,54,1.040462428,7.665745856
Zip,77385,TX,"Houston-The Woodlands-Sugar Land, TX",7420,6,19.11111111,61,3.063583815,7.665745856
Zip,77053,TX,"Houston-The Woodlands-Sugar Land, TX",7505,6,10.44776119,63,1.271676301,7.665745856
Zip,77020,TX,"Houston-The Woodlands-Sugar Land, TX",7581,6,12,74,2.832369942,7.665745856
Zip,77523,TX,"Houston-The Woodlands-Sugar Land, TX",7707,6,21.42857143,60.5,4.161849711,7.665745856
Zip,77026,TX,"Houston-The Woodlands-Sugar Land, TX",7715,6,9.574468085,102,4.335260116,7.665745856
Zip,77503,TX,"Houston-The Woodlands-Sugar Land, TX",7728,6,12.72727273,54,0.578034682,7.665745856
Zip,77505,TX,"Houston-The Woodlands-Sugar Land, TX",7759,6,15.58441558,47.5,0.867052023,7.665745856
Zip,77069,TX,"Houston-The Woodlands-Sugar Land, TX",7785,6,24.35233161,80,8.959537572,7.665745856
Zip,77038,TX,"Houston-The Woodlands-Sugar Land, TX",7823,6,7.317073171,57.5,0.289017341,7.665745856
Zip,77086,TX,"Houston-The Woodlands-Sugar Land, TX",7900,6,15.90909091,59,2.196531792,7.665745856
Zip,77578,TX,"Houston-The Woodlands-Sugar Land, TX",7925,6,25.26315789,71.5,8.497109827,7.665745856
Zip,77545,TX,"Houston-The Woodlands-Sugar Land, TX",7938,6,31.67701863,57,6.242774566,7.665745856
Zip,77568,TX,"Houston-The Woodlands-Sugar Land, TX",8406,6,19.48717949,68,4.219653179,7.665745856
Zip,77531,TX,"Houston-The Woodlands-Sugar Land, TX",8485,6,21.17647059,54,2.89017341,7.665745856
Zip,77303,TX,"Houston-The Woodlands-Sugar Land, TX",8581,6,22.77227723,50,3.121387283,7.665745856
Zip,77318,TX,"Houston-The Woodlands-Sugar Land, TX",8652,6,22.00956938,72,7.341040462,7.665745856
Zip,77302,TX,"Houston-The Woodlands-Sugar Land, TX",8761,6,22.60273973,76,8.265895954,7.665745856
Zip,77541,TX,"Houston-The Woodlands-Sugar Land, TX",8765,6,15.03267974,96,6.358381503,7.665745856
Zip,77328,TX,"Houston-The Woodlands-Sugar Land, TX",8794,6,17.10526316,105.5,7.919075145,7.665745856
Zip,77378,TX,"Houston-The Woodlands-Sugar Land, TX",8901,6,20.93023256,79,7.803468208,7.665745856
Zip,77030,TX,"Houston-The Woodlands-Sugar Land, TX",8914,6,12.29508197,98.5,5.260115607,7.665745856
Zip,77028,TX,"Houston-The Woodlands-Sugar Land, TX",8982,6,7.547169811,79.5,2.774566474,7.665745856
Zip,77051,TX,"Houston-The Woodlands-Sugar Land, TX",8984,6,6.451612903,85.5,3.294797688,7.665745856
Zip,77048,TX,"Houston-The Woodlands-Sugar Land, TX",8996,6,14.89361702,61.5,2.138728324,7.665745856
Zip,77591,TX,"Houston-The Woodlands-Sugar Land, TX",9013,6,7.228915663,58,0.404624277,7.665745856
Zip,77401,TX,"Houston-The Woodlands-Sugar Land, TX",9051,6,16.26984127,112.5,7.74566474,7.665745856
Zip,77059,TX,"Houston-The Woodlands-Sugar Land, TX",9083,6,11.72413793,58.5,1.098265896,7.665745856
Zip,77002,TX,"Houston-The Woodlands-Sugar Land, TX",9119,6,13.18681319,125,6.12716763,7.665745856
Zip,77510,TX,"Houston-The Woodlands-Sugar Land, TX",9136,6,14.86486486,53,0.924855491,7.665745856
Zip,77554,TX,"Houston-The Woodlands-Sugar Land, TX",9154,6,14.25485961,102,6.069364162,7.665745856
Zip,77447,TX,"Houston-The Woodlands-Sugar Land, TX",9178,6,19.3877551,75,5.838150289,7.665745856
Zip,77441,TX,"Houston-The Woodlands-Sugar Land, TX",9192,6,23.4741784,88,9.306358382,7.665745856
Zip,77474,TX,"Houston-The Woodlands-Sugar Land, TX",9295,6,7.01754386,82,3.005780347,7.665745856
Zip,77336,TX,"Houston-The Woodlands-Sugar Land, TX",9437,6,10.52631579,65,1.61849711,7.665745856
Zip,77003,TX,"Houston-The Woodlands-Sugar Land, TX",9449,6,14.84375,102.5,6.531791908,7.665745856
Zip,77422,TX,"Houston-The Woodlands-Sugar Land, TX",9521,6,13.48314607,78.5,3.641618497,7.665745856
Zip,77484,TX,"Houston-The Woodlands-Sugar Land, TX",9703,6,14.94252874,82,4.682080925,7.665745856
Zip,77372,TX,"Houston-The Woodlands-Sugar Land, TX",9769,6,13.15789474,98,5.433526012,7.665745856
Zip,77563,TX,"Houston-The Woodlands-Sugar Land, TX",9814,6,10.12658228,57.5,0.462427746,7.665745856
Zip,77423,TX,"Houston-The Woodlands-Sugar Land, TX",9969,6,19.14893617,70.5,4.566473988,7.665745856
Zip,77418,TX,"Houston-The Woodlands-Sugar Land, TX",10027,6,11.45833333,114,5.317919075,7.665745856
Zip,77518,TX,"Houston-The Woodlands-Sugar Land, TX",10054,6,25.58139535,70.5,8.439306358,7.665745856
Zip,77565,TX,"Houston-The Woodlands-Sugar Land, TX",10279,6,15.15151515,71,3.410404624,7.665745856
Zip,77480,TX,"Houston-The Woodlands-Sugar Land, TX",10701,6,26.78571429,79,9.36416185,7.665745856
Zip,77650,TX,"Houston-The Woodlands-Sugar Land, TX",11139,6,10.56338028,157.5,5.086705202,7.665745856
Zip,64118,MO,"Kansas City, MO-KS",3089,30,15.35087719,46,1.573033708,1.464088398
Zip,64055,MO,"Kansas City, MO-KS",3855,30,13.54166667,48,1.011235955,1.464088398
Zip,64133,MO,"Kansas City, MO-KS",4107,30,11.7370892,56,1.91011236,1.464088398
Zip,64068,MO,"Kansas City, MO-KS",4886,30,18.18181818,50,4.382022472,1.464088398
Zip,64119,MO,"Kansas City, MO-KS",5340,30,13.79310345,53,2.247191011,1.464088398
Zip,64114,MO,"Kansas City, MO-KS",5414,30,11.82795699,45.5,0.224719101,1.464088398
Zip,64015,MO,"Kansas City, MO-KS",5491,30,16.20111732,49,2.134831461,1.464088398
Zip,64151,MO,"Kansas City, MO-KS",5835,30,18.71345029,53,5.730337079,1.464088398
Zip,64012,MO,"Kansas City, MO-KS",6062,30,14.28571429,49,1.460674157,1.464088398
Zip,64111,MO,"Kansas City, MO-KS",6270,30,23.96694215,57,8.764044944,1.464088398
Zip,64030,MO,"Kansas City, MO-KS",6347,30,18.49315068,48,3.595505618,1.464088398
Zip,64138,MO,"Kansas City, MO-KS",6358,30,16.15384615,57,5.393258427,1.464088398
Zip,64152,MO,"Kansas City, MO-KS",6389,30,16.53543307,61,7.303370787,1.464088398
Zip,64131,MO,"Kansas City, MO-KS",6675,30,20.28985507,52,6.06741573,1.464088398
Zip,64155,MO,"Kansas City, MO-KS",6813,30,14.96062992,52,3.146067416,1.464088398
Zip,64014,MO,"Kansas City, MO-KS",6950,30,10.32258065,53,1.235955056,1.464088398
Zip,64081,MO,"Kansas City, MO-KS",7119,30,24.69879518,51,7.191011236,1.464088398
Zip,64052,MO,"Kansas City, MO-KS",7172,30,13.92405063,56,3.93258427,1.464088398
Zip,64130,MO,"Kansas City, MO-KS",7198,30,14.28571429,111.5,7.752808989,1.464088398
Zip,64050,MO,"Kansas City, MO-KS",7280,30,14.58333333,61,6.179775281,1.464088398
Zip,64083,MO,"Kansas City, MO-KS",7398,30,22.04301075,57,8.314606742,1.464088398
Zip,64086,MO,"Kansas City, MO-KS",7440,30,16.42512077,49,2.696629213,1.464088398
Zip,64134,MO,"Kansas City, MO-KS",7527,30,14.28571429,52,2.471910112,1.464088398
Zip,64116,MO,"Kansas City, MO-KS",7576,30,11.42857143,49.5,0.786516854,1.464088398
Zip,64063,MO,"Kansas City, MO-KS",7641,30,11.2,47.5,0.112359551,1.464088398
Zip,64064,MO,"Kansas City, MO-KS",8356,30,13.63636364,60,4.494382022,1.464088398
Zip,64157,MO,"Kansas City, MO-KS",8516,30,19.43319838,57,7.640449438,1.464088398
Zip,64110,MO,"Kansas City, MO-KS",8534,30,14.28571429,55,3.483146067,1.464088398
Zip,64127,MO,"Kansas City, MO-KS",8608,30,11.86440678,123,7.078651685,1.464088398
Zip,64029,MO,"Kansas City, MO-KS",8609,30,11.875,54,1.797752809,1.464088398
Zip,64024,MO,"Kansas City, MO-KS",8903,30,5.917159763,63,3.033707865,1.464088398
Zip,64117,MO,"Kansas City, MO-KS",8983,30,11.53846154,48,0.337078652,1.464088398
Zip,64056,MO,"Kansas City, MO-KS",8987,30,7.954545455,50,0.449438202,1.464088398
Zip,64057,MO,"Kansas City, MO-KS",9131,30,17.64705882,52,4.606741573,1.464088398
Zip,64132,MO,"Kansas City, MO-KS",9157,30,15.05376344,71,7.865168539,1.464088398
Zip,64701,MO,"Kansas City, MO-KS",9203,30,25,58,9.101123596,1.464088398
Zip,64082,MO,"Kansas City, MO-KS",9251,30,18.71657754,60,7.97752809,1.464088398
Zip,64112,MO,"Kansas City, MO-KS",9308,30,17.85714286,98,9.325842697,1.464088398
Zip,64060,MO,"Kansas City, MO-KS",9426,30,17.00680272,66,8.651685393,1.464088398
Zip,64079,MO,"Kansas City, MO-KS",9448,30,14.67889908,57,4.831460674,1.464088398
Zip,64080,MO,"Kansas City, MO-KS",9600,30,18.60465116,62.5,8.539325843,1.464088398
Zip,64154,MO,"Kansas City, MO-KS",9618,30,14.0625,65.5,6.853932584,1.464088398
Zip,64108,MO,"Kansas City, MO-KS",9624,30,19.1011236,71,9.662921348,1.464088398
Zip,64128,MO,"Kansas City, MO-KS",9662,30,17.80821918,108.5,9.213483146,1.464088398
Zip,64089,MO,"Kansas City, MO-KS",9683,30,16.80672269,56,5.617977528,1.464088398
Zip,64109,MO,"Kansas City, MO-KS",9684,30,21.91780822,80,10,1.464088398
Zip,64113,MO,"Kansas City, MO-KS",9755,30,29.13385827,57,8.876404494,1.464088398
Zip,64075,MO,"Kansas City, MO-KS",9928,30,12.64367816,63,4.943820225,1.464088398
Zip,64137,MO,"Kansas City, MO-KS",10061,30,10.46511628,51,0.898876404,1.464088398
Zip,64129,MO,"Kansas City, MO-KS",10382,30,11.11111111,61.5,3.820224719,1.464088398
Zip,64123,MO,"Kansas City, MO-KS",10464,30,16.41791045,69,8.202247191,1.464088398
Zip,64078,MO,"Kansas City, MO-KS",10467,30,13.69863014,64,5.95505618,1.464088398
Zip,64034,MO,"Kansas City, MO-KS",10732,30,20.3125,53,6.629213483,1.464088398
Zip,64156,MO,"Kansas City, MO-KS",10913,30,17.56756757,64,8.08988764,1.464088398
Zip,76549,TX,"Killeen-Temple, TX",2961,128,8.522727273,74,3.333333333,2.05801105
Zip,76542,TX,"Killeen-Temple, TX",3148,128,13.46153846,78,7.083333333,2.05801105
Zip,76502,TX,"Killeen-Temple, TX",3678,128,13.1097561,63,1.666666667,2.05801105
Zip,76522,TX,"Killeen-Temple, TX",3934,128,11.86440678,65,2.5,2.05801105
Zip,76513,TX,"Killeen-Temple, TX",4075,128,18.8034188,65.5,7.083333333,2.05801105
Zip,76543,TX,"Killeen-Temple, TX",5278,128,16.03773585,63,5.833333333,2.05801105
Zip,76548,TX,"Killeen-Temple, TX",5798,128,20.60301508,86,10,2.05801105
Zip,76504,TX,"Killeen-Temple, TX",6547,128,15.6626506,71,8.333333333,2.05801105
Zip,76541,TX,"Killeen-Temple, TX",7316,128,11.86440678,94,9.166666667,2.05801105
Zip,76501,TX,"Killeen-Temple, TX",8725,128,10,63,0.833333333,2.05801105
Zip,76550,TX,"Killeen-Temple, TX",9434,128,10.25641026,68,4.166666667,2.05801105
Zip,76571,TX,"Killeen-Temple, TX",10502,128,14.67889908,64,5,2.05801105
Zip,75605,TX,"Longview, TX",4589,200,14.86486486,87,1.111111111,9.571823204
Zip,75604,TX,"Longview, TX",5668,200,19.90521327,95,6.666666667,9.571823204
Zip,75662,TX,"Longview, TX",7175,200,18.58974359,103.5,5.555555556,9.571823204
Zip,75602,TX,"Longview, TX",8032,200,14.9122807,104,4.444444444,9.571823204
Zip,75601,TX,"Longview, TX",8964,200,17.6,82,3.333333333,9.571823204
Zip,75647,TX,"Longview, TX",9439,200,20.23809524,141,10,9.571823204
Zip,75644,TX,"Longview, TX",9584,200,19.54022989,107,8.888888889,9.571823204
Zip,75654,TX,"Longview, TX",9860,200,17.97752809,133,7.777777778,9.571823204
Zip,75645,TX,"Longview, TX",10249,200,13.58024691,95,2.222222222,9.571823204
Zip,78572,TX,"McAllen-Edinburg-Mission, TX",1465,71,11.64835165,141,7.692307692,6.629834254
Zip,78577,TX,"McAllen-Edinburg-Mission, TX",1851,71,16.37426901,138,10,6.629834254
Zip,78501,TX,"McAllen-Edinburg-Mission, TX",2188,71,8.947368421,111,3.076923077,6.629834254
Zip,78542,TX,"McAllen-Edinburg-Mission, TX",2836,71,11.29943503,114,6.923076923,6.629834254
Zip,78504,TX,"McAllen-Edinburg-Mission, TX",2905,71,12.11267606,84,4.615384615,6.629834254
Zip,78574,TX,"McAllen-Edinburg-Mission, TX",3968,71,10.48951049,107,3.846153846,6.629834254
Zip,78541,TX,"McAllen-Edinburg-Mission, TX",4650,71,7.258064516,99.5,0.769230769,6.629834254
Zip,78596,TX,"McAllen-Edinburg-Mission, TX",4771,71,15.50387597,134,8.461538462,6.629834254
Zip,78539,TX,"McAllen-Edinburg-Mission, TX",5342,71,11.80124224,108.5,6.153846154,6.629834254
Zip,78573,TX,"McAllen-Edinburg-Mission, TX",5595,71,9.333333333,105,1.538461538,6.629834254
Zip,78589,TX,"McAllen-Edinburg-Mission, TX",5801,71,9.302325581,107,2.307692308,6.629834254
Zip,78516,TX,"McAllen-Edinburg-Mission, TX",6645,71,9.411764706,121,5.384615385,6.629834254
Zip,78503,TX,"McAllen-Edinburg-Mission, TX",8282,71,11.97183099,180.5,9.230769231,6.629834254
Zip,78130,TX,"San Antonio-New Braunfels, TX",1456,26,21.86287193,68,7.272727273,5.966850829
Zip,78245,TX,"San Antonio-New Braunfels, TX",1630,26,21.80451128,54,4.181818182,5.966850829
Zip,78240,TX,"San Antonio-New Braunfels, TX",1796,26,16.76646707,50,0.545454545,5.966850829
Zip,78249,TX,"San Antonio-New Braunfels, TX",2240,26,20,48,2.909090909,5.966850829
Zip,78251,TX,"San Antonio-New Braunfels, TX",2366,26,18.26923077,50,1.636363636,5.966850829
Zip,78254,TX,"San Antonio-New Braunfels, TX",2484,26,19.24242424,61,4.545454545,5.966850829
Zip,78209,TX,"San Antonio-New Braunfels, TX",2557,26,22.55639098,79.5,8.727272727,5.966850829
Zip,78223,TX,"San Antonio-New Braunfels, TX",2648,26,22.14285714,59,6,5.966850829
Zip,78253,TX,"San Antonio-New Braunfels, TX",2676,26,24.13793103,71,8.909090909,5.966850829
Zip,78228,TX,"San Antonio-New Braunfels, TX",2700,26,18.12080537,70,5.636363636,5.966850829
Zip,78230,TX,"San Antonio-New Braunfels, TX",2738,26,18.61702128,58,3.454545455,5.966850829
Zip,78258,TX,"San Antonio-New Braunfels, TX",2852,26,24.87804878,62,8.181818182,5.966850829
Zip,78250,TX,"San Antonio-New Braunfels, TX",2893,26,18.44262295,50,2.090909091,5.966850829
Zip,78216,TX,"San Antonio-New Braunfels, TX",2957,26,27.35042735,59,7.818181818,5.966850829
Zip,78247,TX,"San Antonio-New Braunfels, TX",3046,26,17.86941581,45.5,1.090909091,5.966850829
Zip,78233,TX,"San Antonio-New Braunfels, TX",3126,26,13.88888889,47,0.181818182,5.966850829
Zip,78155,TX,"San Antonio-New Braunfels, TX",3238,26,20.81632653,82,8.363636364,5.966850829
Zip,78201,TX,"San Antonio-New Braunfels, TX",3356,26,20.95808383,70,7.636363636,5.966850829
Zip,78213,TX,"San Antonio-New Braunfels, TX",3423,26,20.15503876,51.5,3.272727273,5.966850829
Zip,78229,TX,"San Antonio-New Braunfels, TX",3537,26,22.11538462,60.5,6.181818182,5.966850829
Zip,78109,TX,"San Antonio-New Braunfels, TX",3610,26,13.88174807,56,0.909090909,5.966850829
Zip,78227,TX,"San Antonio-New Braunfels, TX",3723,26,13.20754717,55.5,0.363636364,5.966850829
Zip,78232,TX,"San Antonio-New Braunfels, TX",3921,26,16.57142857,53.5,1.272727273,5.966850829
Zip,78217,TX,"San Antonio-New Braunfels, TX",4089,26,18.24817518,52,1.818181818,5.966850829
Zip,78006,TX,"San Antonio-New Braunfels, TX",4230,26,25.17321016,94,10,5.966850829
Zip,78154,TX,"San Antonio-New Braunfels, TX",4290,26,16.796875,58.5,2.545454545,5.966850829
Zip,78218,TX,"San Antonio-New Braunfels, TX",4496,26,12.42236025,60.5,0.727272727,5.966850829
Zip,78210,TX,"San Antonio-New Braunfels, TX",4912,26,14.20454545,61.5,2.727272727,5.966850829
Zip,78108,TX,"San Antonio-New Braunfels, TX",4920,26,19.82182628,64,5.818181818,5.966850829
Zip,78221,TX,"San Antonio-New Braunfels, TX",5460,26,8.928571429,87,4,5.966850829
Zip,78212,TX,"San Antonio-New Braunfels, TX",5471,26,16.84782609,69,4.363636364,5.966850829
Zip,78132,TX,"San Antonio-New Braunfels, TX",5720,26,22.66009852,92,9.272727273,5.966850829
Zip,78260,TX,"San Antonio-New Braunfels, TX",6019,26,22.08121827,66.5,6.909090909,5.966850829
Zip,78239,TX,"San Antonio-New Braunfels, TX",6181,26,16.78321678,61,3.090909091,5.966850829
Zip,78259,TX,"San Antonio-New Braunfels, TX",6269,26,24.28571429,60.5,7.090909091,5.966850829
Zip,78244,TX,"San Antonio-New Braunfels, TX",6357,26,17.71653543,55,2.090909091,5.966850829
Zip,78023,TX,"San Antonio-New Braunfels, TX",6451,26,22.43346008,69,8,5.966850829
Zip,78133,TX,"San Antonio-New Braunfels, TX",6958,26,18.30357143,114,8.545454545,5.966850829
Zip,78148,TX,"San Antonio-New Braunfels, TX",7335,26,21.42857143,52,3.818181818,5.966850829
Zip,78261,TX,"San Antonio-New Braunfels, TX",7721,26,18.40490798,68,5.454545455,5.966850829
Zip,78222,TX,"San Antonio-New Braunfels, TX",7984,26,15.32846715,69,3.636363636,5.966850829
Zip,78114,TX,"San Antonio-New Braunfels, TX",8076,26,13.4751773,88,5.090909091,5.966850829
Zip,78070,TX,"San Antonio-New Braunfels, TX",8577,26,16.33986928,107,7.454545455,5.966850829
Zip,78015,TX,"San Antonio-New Braunfels, TX",8949,26,26.82926829,80,9.090909091,5.966850829
Zip,78064,TX,"San Antonio-New Braunfels, TX",9187,26,27.90697674,52.5,6.727272727,5.966850829
Zip,78255,TX,"San Antonio-New Braunfels, TX",9259,26,26.20320856,86,9.454545455,5.966850829
Zip,78248,TX,"San Antonio-New Braunfels, TX",9344,26,23.38709677,60,6.545454545,5.966850829
Zip,78256,TX,"San Antonio-New Braunfels, TX",9504,26,24.32432432,93.5,9.818181818,5.966850829
Zip,78121,TX,"San Antonio-New Braunfels, TX",9531,26,14.04958678,82,4.909090909,5.966850829
Zip,78003,TX,"San Antonio-New Braunfels, TX",9797,26,13.48314607,86,4.727272727,5.966850829
Zip,78257,TX,"San Antonio-New Braunfels, TX",10021,26,22.72727273,104,9.636363636,5.966850829
Zip,78163,TX,"San Antonio-New Braunfels, TX",10052,26,12.31884058,95,5.272727273,5.966850829
Zip,78063,TX,"San Antonio-New Braunfels, TX",10140,26,12.79069767,67.5,2.363636364,5.966850829
Zip,78252,TX,"San Antonio-New Braunfels, TX",10378,26,12.80487805,61,1.454545455,5.966850829
Zip,78266,TX,"San Antonio-New Braunfels, TX",10901,26,19.11764706,70,6.363636364,5.966850829
Zip,65807,MO,"Springfield, MO",1873,113,22.72727273,54,7.5,2.26519337
Zip,65802,MO,"Springfield, MO",2879,113,19.73333333,55,6.875,2.26519337
Zip,65804,MO,"Springfield, MO",3041,113,21.09090909,53,5.625,2.26519337
Zip,65803,MO,"Springfield, MO",3231,113,17.82477341,66,8.75,2.26519337
Zip,65714,MO,"Springfield, MO",5059,113,12.25806452,57.5,3.125,2.26519337
Zip,65721,MO,"Springfield, MO",5466,113,19.13357401,60,9.375,2.26519337
Zip,65810,MO,"Springfield, MO",7332,113,17.56097561,57.5,5,2.26519337
Zip,65738,MO,"Springfield, MO",8146,113,13.14285714,55,2.5,2.26519337
Zip,65613,MO,"Springfield, MO",8415,113,11.65644172,72.5,4.375,2.26519337
Zip,65706,MO,"Springfield, MO",9032,113,9.022556391,48,0.625,2.26519337
Zip,65742,MO,"Springfield, MO",9731,113,19.81981982,71,10,2.26519337
Zip,65809,MO,"Springfield, MO",9905,113,14.52991453,70,6.25,2.26519337
Zip,65622,MO,"Springfield, MO",10456,113,13.48314607,95,8.125,2.26519337
Zip,65781,MO,"Springfield, MO",10485,113,8.333333333,51.5,1.25,2.26519337
Zip,65619,MO,"Springfield, MO",10563,113,17.24137931,53,1.875,2.26519337
Zip,65757,MO,"Springfield, MO",10730,113,17.64705882,55,3.75,2.26519337
Zip,63376,MO,"St. Louis, MO-IL",1551,18,18.9119171,51,2.110091743,5.359116022
Zip,63123,MO,"St. Louis, MO-IL",2183,18,17.94019934,53,1.743119266,5.359116022
Zip,63021,MO,"St. Louis, MO-IL",2334,18,20.39660057,55,3.119266055,5.359116022
Zip,63129,MO,"St. Louis, MO-IL",2373,18,24.48275862,60,6.23853211,5.359116022
Zip,63301,MO,"St. Louis, MO-IL",2591,18,15.33333333,56.5,0.917431193,5.359116022
Zip,63303,MO,"St. Louis, MO-IL",2747,18,19.4214876,53,2.385321101,5.359116022
Zip,63366,MO,"St. Louis, MO-IL",2753,18,15.33923304,54,0.550458716,5.359116022
Zip,63116,MO,"St. Louis, MO-IL",2821,18,21.9330855,60,5.137614679,5.359116022
Zip,63031,MO,"St. Louis, MO-IL",2951,18,19.72789116,64,4.678899083,5.359116022
Zip,63136,MO,"St. Louis, MO-IL",2987,18,15.09433962,95,6.422018349,5.359116022
Zip,63033,MO,"St. Louis, MO-IL",3333,18,11.91709845,64,1.467889908,5.359116022
Zip,63122,MO,"St. Louis, MO-IL",3462,18,22.29965157,60,5.688073394,5.359116022
Zip,63017,MO,"St. Louis, MO-IL",3506,18,22.2826087,69,7.798165138,5.359116022
Zip,63026,MO,"St. Louis, MO-IL",3521,18,24.65753425,57,5.321100917,5.359116022
Zip,63368,MO,"St. Louis, MO-IL",3874,18,22.94520548,55,4.587155963,5.359116022
Zip,63385,MO,"St. Louis, MO-IL",4015,18,20.41284404,59,3.669724771,5.359116022
Zip,63114,MO,"St. Louis, MO-IL",4161,18,18.45493562,67,4.495412844,5.359116022
Zip,63304,MO,"St. Louis, MO-IL",4301,18,17.19298246,55,1.651376147,5.359116022
Zip,63119,MO,"St. Louis, MO-IL",4353,18,29.14572864,59,6.788990826,5.359116022
Zip,63146,MO,"St. Louis, MO-IL",4444,18,15.09433962,59,1.559633028,5.359116022
Zip,63010,MO,"St. Louis, MO-IL",4684,18,23.046875,56,4.770642202,5.359116022
Zip,63125,MO,"St. Louis, MO-IL",4686,18,14.67889908,58,0.825688073,5.359116022
Zip,63109,MO,"St. Louis, MO-IL",4692,18,20.18779343,52,2.568807339,5.359116022
Zip,63011,MO,"St. Louis, MO-IL",4745,18,27.7992278,59,6.605504587,5.359116022
Zip,63130,MO,"St. Louis, MO-IL",4939,18,24.42396313,62,6.880733945,5.359116022
Zip,63108,MO,"St. Louis, MO-IL",5256,18,16.14583333,80,5.412844037,5.359116022
Zip,63128,MO,"St. Louis, MO-IL",5360,18,18.26923077,62,3.577981651,5.359116022
Zip,63139,MO,"St. Louis, MO-IL",5646,18,18.78787879,52,2.018348624,5.359116022
Zip,63121,MO,"St. Louis, MO-IL",6253,18,21.01449275,125,9.633027523,5.359116022
Zip,63118,MO,"St. Louis, MO-IL",6279,18,21.64179104,69,7.247706422,5.359116022
Zip,63028,MO,"St. Louis, MO-IL",6342,18,10.66666667,72.5,2.660550459,5.359116022
Zip,63052,MO,"St. Louis, MO-IL",6634,18,20.16460905,60,3.853211009,5.359116022
Zip,63112,MO,"St. Louis, MO-IL",6943,18,26.92307692,67,8.073394495,5.359116022
Zip,63104,MO,"St. Louis, MO-IL",6998,18,27.71084337,70,8.623853211,5.359116022
Zip,63367,MO,"St. Louis, MO-IL",7065,18,16.84981685,61,2.935779817,5.359116022
Zip,63043,MO,"St. Louis, MO-IL",7084,18,21.36752137,51,3.211009174,5.359116022
Zip,63379,MO,"St. Louis, MO-IL",7127,18,21.07279693,66,5.779816514,5.359116022
Zip,63090,MO,"St. Louis, MO-IL",7264,18,17.67676768,79,5.963302752,5.359116022
Zip,63141,MO,"St. Louis, MO-IL",7330,18,23.07692308,75,8.71559633,5.359116022
Zip,63042,MO,"St. Louis, MO-IL",7499,18,19.3877551,61,3.76146789,5.359116022
Zip,63110,MO,"St. Louis, MO-IL",7570,18,29.33333333,58,6.330275229,5.359116022
Zip,63111,MO,"St. Louis, MO-IL",7663,18,22.68041237,82,9.266055046,5.359116022
Zip,63138,MO,"St. Louis, MO-IL",7889,18,16.88311688,90,7.064220183,5.359116022
Zip,63020,MO,"St. Louis, MO-IL",7902,18,17.51412429,90.5,7.614678899,5.359116022
Zip,63135,MO,"St. Louis, MO-IL",7976,18,15.2,103.5,6.972477064,5.359116022
Zip,63137,MO,"St. Louis, MO-IL",8208,18,19.32773109,90,8.440366972,5.359116022
Zip,63084,MO,"St. Louis, MO-IL",8352,18,20,68,5.504587156,5.359116022
Zip,63105,MO,"St. Louis, MO-IL",8471,18,17.09401709,65,3.486238532,5.359116022
Zip,63074,MO,"St. Louis, MO-IL",8524,18,21.42857143,60.5,4.95412844,5.359116022
Zip,63034,MO,"St. Louis, MO-IL",8677,18,14.89361702,74,3.944954128,5.359116022
Zip,63049,MO,"St. Louis, MO-IL",8698,18,18.75,60,3.394495413,5.359116022
Zip,63126,MO,"St. Louis, MO-IL",8743,18,13.75,52.5,0.183486239,5.359116022
Zip,63131,MO,"St. Louis, MO-IL",8821,18,18.88888889,82,7.339449541,5.359116022
Zip,63005,MO,"St. Louis, MO-IL",8841,18,25.72815534,89,9.724770642,5.359116022
Zip,63132,MO,"St. Louis, MO-IL",8974,18,23.86363636,76,8.990825688,5.359116022
Zip,63050,MO,"St. Louis, MO-IL",8975,18,12.38938053,69,2.293577982,5.359116022
Zip,63383,MO,"St. Louis, MO-IL",9148,18,14.04958678,52.5,0.275229358,5.359116022
Zip,63069,MO,"St. Louis, MO-IL",9181,18,11.34751773,65,1.376146789,5.359116022
Zip,63025,MO,"St. Louis, MO-IL",9273,18,17.75147929,68,4.220183486,5.359116022
Zip,63051,MO,"St. Louis, MO-IL",9464,18,30.33707865,92,9.908256881,5.359116022
Zip,63134,MO,"St. Louis, MO-IL",9590,18,21.34831461,79,8.256880734,5.359116022
Zip,63143,MO,"St. Louis, MO-IL",9617,18,21.66666667,56,4.128440367,5.359116022
Zip,63103,MO,"St. Louis, MO-IL",9651,18,26.74418605,104,9.816513761,5.359116022
Zip,63144,MO,"St. Louis, MO-IL",9711,18,18.5840708,57,2.47706422,5.359116022
Zip,63077,MO,"St. Louis, MO-IL",9754,18,22.03389831,81.5,8.899082569,5.359116022
Zip,63124,MO,"St. Louis, MO-IL",9822,18,21.36752137,93,9.357798165,5.359116022
Zip,63117,MO,"St. Louis, MO-IL",9889,18,13.43283582,61,1.19266055,5.359116022
Zip,63044,MO,"St. Louis, MO-IL",9999,18,14.63414634,59.5,1.28440367,5.359116022
Zip,63390,MO,"St. Louis, MO-IL",10111,18,10.29411765,74.5,2.844036697,5.359116022
Zip,63088,MO,"St. Louis, MO-IL",10335,18,15.38461538,55.5,0.733944954,5.359116022
Zip,63012,MO,"St. Louis, MO-IL",10414,18,12.26415094,58,0.458715596,5.359116022
Zip,63040,MO,"St. Louis, MO-IL",10619,18,29.41176471,73,9.449541284,5.359116022
Zip,63348,MO,"St. Louis, MO-IL",10630,18,25.53191489,72,8.532110092,5.359116022
Zip,63070,MO,"St. Louis, MO-IL",10659,18,15.87301587,58,1.834862385,5.359116022
Zip,63016,MO,"St. Louis, MO-IL",10684,18,11.42857143,64,1.009174312,5.359116022
Zip,63362,MO,"St. Louis, MO-IL",10760,18,7.692307692,55.5,0.091743119,5.359116022
Zip,63389,MO,"St. Louis, MO-IL",10897,18,11.94029851,63,1.100917431,5.359116022
Zip,63038,MO,"St. Louis, MO-IL",10938,18,21.42857143,73,7.889908257,5.359116022
Zip,63019,MO,"St. Louis, MO-IL",11086,18,5.882352941,70,1.926605505,5.359116022
Zip,63343,MO,"St. Louis, MO-IL",11100,18,13.51351351,132,6.697247706,5.359116022
Zip,63048,MO,"St. Louis, MO-IL",11124,18,3.50877193,60,0.366972477,5.359116022
